{
  "Access to electricity (% of population)":0.39616268054006865,
  "Access to electricity, rural (% of rural population)":0.42469121675937804,
  "Agricultural irrigated land (% of total agricultural land)":-0.022304768310838104,
  "Agricultural land (% of land area)":-0.15274927153603712,
  "Agricultural land (sq. km)":-0.09733543442647852,
  "Agricultural machinery, tractors":0.11600582778832082,
  "Agricultural machinery, tractors per 100 sq. km of arable land":0.4845220990498461,
  "Agricultural methane emissions (% of total)":-0.24170984266228746,
  "Agricultural methane emissions (thousand metric tons of CO2 equivalent)":-0.11834420015495328,
  "Agricultural nitrous oxide emissions (% of total)":-0.3460583835794313,
  "Agricultural nitrous oxide emissions (thousand metric tons of CO2 equivalent)":-0.09118473675499486,
  "Agricultural raw materials exports (% of merchandise exports)":-0.2336892965495581,
  "Agricultural raw materials imports (% of merchandise imports)":-0.250149027095485,
  "Agriculture, forestry, and fishing, value added (% of GDP)":-0.48867398372993287,
  "Agriculture, forestry, and fishing, value added (current US$)":-0.03707897626894378,
  "Annual freshwater withdrawals, agriculture (% of total freshwater withdrawal)":-0.42057727855420896,
  "Arable land (% of land area)":0.03717177050570938,
  "Arable land (hectares per person)":-0.053046474654173816,
  "Arable land (hectares)":0.007182645115357682,
  "Average precipitation in depth (mm per year)":-0.1283591000301334,
  "Birth rate, crude (per 1,000 people)":-0.5080343018356903,
  "Cereal production (metric tons)":-0.002761789658381298,
  "Cereal yield (kg per hectare)":0.5221461330969916,
  "CPIA gender equality rating (1=low to 6=high)":0.2676400959173163,
  "Crop production index (2004-2006 = 100)":0.07926478079621956,
  "Death rate, crude (per 1,000 people)":-0.21423382525877685,
  "Employment in agriculture (% of total employment) (modeled ILO estimate)":-0.6105244999195784,
  "Fertilizer consumption (% of fertilizer production)":-0.04886804269127923,
  "Fertilizer consumption (kilograms per hectare of arable land)":0.19375887624109073,
  "Food production index (2004-2006 = 100)":0.09691344778971062,
  "Forest area (% of land area)":-0.05738793746001361,
  "Forest area (sq. km)":-0.08546422626806294,
  "Land area (sq. km)":-0.10316036486397151,
  "Land under cereal production (hectares)":-0.07506956856627142,
  "Literacy rate, adult total (% of people ages 15 and above)":0.4111969723459065,
  "Livestock production index (2004-2006 = 100)":0.11424632377167876,
  "Mineral rents (% of GDP)":-0.1438225797234162,
  "Mortality rate, infant (per 1,000 live births)":-0.44739921839297087,
  "Net migration":0.26807305162518064,
  "Permanent cropland (% of land area)":-0.17736968678966206,
  "Population, total":-0.10549148299831201,
  "Rural land area (sq. km)":-0.08172909264489252,
  "Rural land area where elevation is below 5 meters (% of total land area)":0.06253058721979371,
  "Rural land area where elevation is below 5 meters (sq. km)":-0.04648985532275692,
  "Rural population":-0.1369472304055666,
  "Rural population (% of total population)":-0.43605404768551415,
  "Rural population growth (annual %)":-0.053147874082332215,
  "Rural population living in areas where elevation is below 5 meters (% of total population)":-0.0214510356218739
}

